0.,1.6009876405621915e-6,0.00015287598470719422,0.004246726732668004,0.04233883010664801,0.18651670753055669,0.4437731644479995,0.6826952243918278,0.7751044947926673,0.6826952243918278,0.4437731644479995,0.18651670753055669,0.04233883010664801,0.004246726732668004,0.00015287598470719422,1.6009876405621915e-6,0.
0.,1.3169068134299811e-9,1.7328708045189832e-6,0.0003155884058050407,0.011131500022596738,0.10633781442546623,0.38243498817462124,0.7027636597651006,0.8347875250788317,0.7027636597651006,0.38243498817462124,0.10633781442546623,0.011131500022596738,0.0003155884058050407,1.7328708045189832e-6,1.3169068134299811e-9,0.
0.,5.662600195860163e-10,9.439503482361032e-7,0.00020832896372232498,0.008568084079388484,0.09225948706648411,0.3624477536058468,0.7043546726801628,0.8531473773659899,0.7043546726801628,0.3624477536058468,0.09225948706648411,0.008568084079388484,0.00020832896372232498,9.439503482361032e-7,5.662600195860163e-10,0.
0.,1.8576430596207811e-9,2.132490756917067e-6,0.0003531713098846279,0.011723477236023407,0.10826662279032005,0.3836553866217124,0.7022676302344387,0.8339900097289101,0.7022676302344387,0.3836553866217124,0.10826662279032005,0.011723477236023407,0.0003531713098846279,2.132490756917067e-6,1.8576430596207811e-9,0.
0.,2.419365765179729e-9,1.9770118653692645e-6,0.0002767129013320665,0.008891569610506652,0.08744805886341775,0.34620928705987536,0.7025850043122113,0.8703870877042963,0.7025850043122113,0.34620928705987536,0.08744805886341775,0.008891569610506652,0.0002767129013320665,1.9770118653692645e-6,2.419365765179729e-9,0.
-4.7682083775797755e-30,1.1345247791577054e-7,0.00002644383767085873,0.00143077434324237,0.02298199939776963,0.13972133650996893,0.40605795982232107,0.6947904166442893,0.8152681011646797,0.6947904166442893,0.40605795982232107,0.13972133650996893,0.02298199939776963,0.00143077434324237,0.00002644383767085873,1.1345247791577054e-7,-4.7682083775797755e-30
7.097408293522746e-31,3.0164976432966256e-8,0.000011602534755952715,0.000895306378231078,0.018178946323271886,0.12706454004758827,0.39642408543915303,0.6977175901740025,0.824089321010009,0.6977175901740025,0.39642408543915303,0.12706454004758827,0.018178946323271886,0.000895306378231078,0.000011602534755952715,3.0164976432966256e-8,7.097408293522746e-31
0.,7.025483185287694e-9,4.6104863879668915e-6,0.0005222283935549086,0.013737450229542673,0.11265244177808637,0.3831987837594606,0.7006629283459975,0.8358836112552169,0.7006629283459975,0.3831987837594606,0.11265244177808637,0.013737450229542673,0.0005222283935549086,4.6104863879668915e-6,7.025483185287694e-9,0.
-1.845914839237653e-32,2.298037088910942e-9,2.228695862948664e-6,0.0003362042264434678,0.010797860265517618,0.10080198776946084,0.37001117632781777,0.7026046278332336,0.8475382760630864,0.7026046278332336,0.37001117632781777,0.10080198776946084,0.010797860265517618,0.0003362042264434678,2.228695862948664e-6,2.298037088910942e-9,-1.845914839237653e-32
0.,4.2196912689417006e-10,7.427801120808447e-7,0.00017327959333270844,0.007529403586111184,0.08541297527122957,0.35108781375760195,0.704589177961027,0.8636416666406699,0.704589177961027,0.35108781375760195,0.08541297527122957,0.007529403586111184,0.00017327959333270844,7.427801120808447e-7,4.2196912689417006e-10,0.
0.,3.946858490777411e-6,0.00027371148870427,0.006018924050155129,0.05104200204590155,0.2026129158782369,0.45379454961066124,0.6777569534769208,0.7629186357930067,0.6777569534769208,0.45379454961066124,0.2026129158782369,0.05104200204590155,0.006018924050155129,0.00027371148870427,3.946858490777411e-6,0.
0.,0.00001439920961988356,0.0003869701383492005,0.0051099957004059615,0.03635430327656938,0.15143402997862615,0.3966209528812834,0.6902779995873185,0.8269557899297114,0.6902779995873185,0.3966209528812834,0.15143402997862615,0.03635430327656938,0.0051099957004059615,0.0003869701383492005,0.00001439920961988356,0.
0.,2.401466735330389e-8,0.00001042411495677787,0.0008671607802326779,0.018292760838955615,0.12923606964533493,0.4007423256191573,0.697529278232218,0.8195381711665926,0.697529278232218,0.4007423256191573,0.12923606964533493,0.018292760838955615,0.0008671607802326779,0.00001042411495677787,2.401466735330389e-8,0.
-5.529226178373312e-31,2.218353878736432e-8,8.413645549737463e-6,0.0006693298922669968,0.014480075378132166,0.10990403796508645,0.3729058803535039,0.6999068323910771,0.8470922050161249,0.6999068323910771,0.3729058803535039,0.10990403796508645,0.014480075378132166,0.0006693298922669968,8.413645549737463e-6,2.218353878736432e-8,-5.529226178373312e-31
0.,0.00005310031948722677,0.0013220583034975733,0.014255010527297855,0.0765511353684016,0.23450627027823884,0.4653365713854223,0.6669596992502279,0.7450750126891543,0.6669596992502279,0.4653365713854223,0.23450627027823884,0.0765511353684016,0.014255010527297855,0.0013220583034975733,0.00005310031948722677,0.
0.,3.857428001466498e-10,7.721573490874864e-7,0.00019189085478436108,0.008432128286596431,0.09321311568013994,0.3663119289294578,0.7047749746979636,0.848937317442528,0.7047749746979636,0.3663119289294578,0.09321311568013994,0.008432128286596431,0.00019189085478436108,7.721573490874864e-7,3.857428001466498e-10,0.
0.,3.037586902120453e-9,2.292906887942259e-6,0.0003027814162993578,0.009342418282534445,0.08948933824677587,0.348822231281779,0.7024038549695072,0.8681657671541742,0.7024038549695072,0.348822231281779,0.08948933824677587,0.009342418282534445,0.0003027814162993578,2.292906887942259e-6,3.037586902120453e-9,0.
0.,4.362316798431409e-9,3.5161974823604505e-6,0.0004572843849686943,0.01306908943023844,0.11160348081268066,0.38419641781313096,0.7011794430503493,0.8344031559930197,0.7011794430503493,0.38419641781313096,0.11160348081268066,0.01306908943023844,0.0004572843849686943,3.5161974823604505e-6,4.362316798431409e-9,0.
0.,3.308539020506371e-10,5.956783398184795e-7,0.0001441721767438086,0.006565001493839677,0.07840935457583184,0.33843721827369705,0.7043911486522701,0.87532998536196,0.7043911486522701,0.33843721827369705,0.07840935457583184,0.006565001493839677,0.0001441721767438086,5.956783398184795e-7,3.308539020506371e-10,0.
0.,6.141780819899876e-8,0.000018414646985586227,0.0011837474853992112,0.021165812432879818,0.13622634262247235,0.40492412559221824,0.6957650396721623,0.8160154539592573,0.6957650396721623,0.40492412559221824,0.13622634262247235,0.021165812432879818,0.0011837474853992112,0.000018414646985586227,6.141780819899876e-8,0.
0.,1.989452175238619e-6,0.0001715984997759708,0.0044626684825842654,0.04287805078457106,0.18604137598005602,0.4420307068635788,0.6828052962036048,0.7770661671485619,0.6828052962036048,0.4420307068635788,0.18604137598005602,0.04287805078457106,0.0044626684825842654,0.0001715984997759708,1.989452175238619e-6,0.
0.,0.000055339149788414304,0.0014267121762189384,0.015502159862140766,0.08219556941310566,0.24549450999997638,0.4732233850207461,0.6628637726084887,0.7340370584690415,0.6628637726084887,0.4732233850207461,0.24549450999997638,0.08219556941310566,0.015502159862140766,0.0014267121762189384,0.000055339149788414304,0.
-2.165444477751043e-33,5.281834474543821e-10,8.978165835907417e-7,0.00020131257313002956,0.008385066450840459,0.09118396446050939,0.3608337949317211,0.7044392984443185,0.854609499225287,0.7044392984443185,0.3608337949317211,0.09118396446050939,0.008385066450840459,0.00020131257313002956,8.978165835907417e-7,5.281834474543821e-10,-2.165444477751043e-33
0.,0.03176721433665338,0.1368312407028842,0.3506311471128812,0.5558711026491029,0.510150300635195,0.12876427336651944,-0.3462890936562208,-0.5472808219808076,-0.3462890936562208,0.12876427336651944,0.510150300635195,0.5558711026491029,0.3506311471128812,0.1368312407028842,0.03176721433665338,0.
0.,3.308525690619212e-8,0.00001039437649202656,0.0007323569752634785,0.014808712234918486,0.10934228274411734,0.370065618318645,0.6995958028937914,0.8502253396885493,0.6995958028937914,0.370065618318645,0.10934228274411734,0.014808712234918486,0.0007323569752634785,0.00001039437649202656,3.308525690619212e-8,0.
0.,1.716662849285624e-10,3.7926862114828514e-7,0.0001075121061819756,0.005510695178978994,0.07165679424279232,0.3274550268404086,0.704374590391911,0.8848316522434145,0.704374590391911,0.3274550268404086,0.07165679424279232,0.005510695178978994,0.0001075121061819756,3.7926862114828514e-7,1.716662849285624e-10,0.
0.,2.4653838435375724e-8,9.66027333606055e-6,0.0007688465634171543,0.01624101681224198,0.11855636787654533,0.38532826361546096,0.69899772884857,0.8349903081989318,0.69899772884857,0.38532826361546096,0.11855636787654533,0.01624101681224198,0.0007688465634171543,9.66027333606055e-6,2.4653838435375724e-8,0.
0.,2.5539040963998818e-8,9.712000389176062e-6,0.0007606563823468147,0.01598673065449713,0.11701295284119147,0.382872896463417,0.6991419319259463,0.837449430073056,0.6991419319259463,0.382872896463417,0.11701295284119147,0.01598673065449713,0.0007606563823468147,9.712000389176062e-6,2.5539040963998818e-8,0.
0.,2.3904689320633825e-9,1.97127570364261e-6,0.0002773007747878658,0.008926533437162336,0.08775000457487037,0.346819555670999,0.7026126339695861,0.8697948655480634,0.7026126339695861,0.346819555670999,0.08775000457487037,0.008926533437162336,0.0002773007747878658,1.97127570364261e-6,2.3904689320633825e-9,0.
0.,1.154049479766749e-6,0.0000914670100312294,0.0024656249560479878,0.026801586746887453,0.13823129301933604,0.39241638773995147,0.6937500803565914,0.830527427909398,0.6937500803565914,0.39241638773995147,0.13823129301933604,0.026801586746887453,0.0024656249560479878,0.0000914670100312294,1.154049479766749e-6,0.
0.,0.00003909363901816676,0.0007883685221161181,0.00823341297830911,0.048628607176034865,0.17588996821686334,0.4172434745747467,0.6847611116343234,0.8045363250645997,0.6847611116343234,0.4172434745747467,0.17588996821686334,0.048628607176034865,0.00823341297830911,0.0007883685221161181,0.00003909363901816676,0.
0.,0.17545551998252443,0.5075431279879544,0.4336182475453299,-0.31239887552630996,-0.3343496228484058,0.424652701318778,0.13541986269269907,-0.48827299904873633,0.13541986269269907,0.424652701318778,-0.3343496228484058,-0.31239887552630996,0.4336182475453299,0.5075431279879544,0.17545551998252443,0.
0.,2.100559864496653e-6,0.00018506666518973606,0.0048216864984319645,0.04572969026243663,0.19401664772360663,0.449495544710537,0.6804468001698288,0.7683605210618202,0.6804468001698288,0.449495544710537,0.19401664772360663,0.04572969026243663,0.0048216864984319645,0.00018506666518973606,2.100559864496653e-6,0.
0.,0.0007933345814034597,0.0059250092867665525,0.029133696793332848,0.09965947518809871,0.24726116540247148,0.4606907032680197,0.6618339577498714,0.7453609406097628,0.6618339577498714,0.4606907032680197,0.24726116540247148,0.09965947518809871,0.029133696793332848,0.0059250092867665525,0.0007933345814034597,0.
1.236881838543406e-23,0.0017922300239881024,0.011021763662983314,0.04512743007195872,0.13127139273000604,0.2845948681988228,0.4789479498576059,0.6457409799248875,0.7116549605228757,0.6457409799248875,0.4789479498576059,0.2845948681988228,0.13127139273000604,0.04512743007195872,0.011021763662983314,0.0017922300239881024,1.236881838543406e-23
0.,1.0754288019931191e-7,0.000025506498363746697,0.001398412707349178,0.02268033435571159,0.13881853256559767,0.4051922471812512,0.6949842110401234,0.816124195490382,0.6949842110401234,0.4051922471812512,0.13881853256559767,0.02268033435571159,0.001398412707349178,0.000025506498363746697,1.0754288019931191e-7,0.
0.,8.000404242776457e-8,0.00001983352301512846,0.0011460423168944515,0.019683316123297503,0.12758840906118152,0.39188966112633766,0.696980200877524,0.829425827983435,0.696980200877524,0.39188966112633766,0.12758840906118152,0.019683316123297503,0.0011460423168944515,0.00001983352301512846,8.000404242776457e-8,0.
0.,5.090253034897694e-8,0.000014237405712071809,0.0009103755872559944,0.016999964416542907,0.11782932223285975,0.38051398527458397,0.6985107320789832,0.8403788540506738,0.6985107320789832,0.38051398527458397,0.11782932223285975,0.016999964416542907,0.0009103755872559944,0.000014237405712071809,5.090253034897694e-8,0.
0.,7.222857405552482e-6,0.00031516084881370225,0.00539715101565177,0.04208863405024558,0.17227546702443175,0.42139018046602,0.6861393341495348,0.8002044873551222,0.6861393341495348,0.42139018046602,0.17227546702443175,0.04208863405024558,0.00539715101565177,0.00031516084881370225,7.222857405552482e-6,0.
0.,2.8293386655006127e-10,6.044245457976064e-7,0.00015972725117576364,0.007433196440595023,0.08655621063021131,0.3554025264357876,0.7051199834485047,0.8590070254476102,0.7051199834485047,0.3554025264357876,0.08655621063021131,0.007433196440595023,0.00015972725117576364,6.044245457976064e-7,2.8293386655006127e-10,0.
-3.6957362217468834e-33,7.03500989557923e-10,9.925698212018021e-7,0.00019961755397904086,0.007936701094800424,0.08622965246550174,0.3500313436440637,0.7039996264264727,0.8652899465944961,0.7039996264264727,0.3500313436440637,0.08622965246550174,0.007936701094800424,0.00019961755397904086,9.925698212018021e-7,7.03500989557923e-10,-3.6957362217468834e-33
1.607670506702324e-30,4.43287856080015e-8,0.000012336537686535966,0.0008005298185152836,0.015388164254297867,0.11064485777646561,0.3706136523707854,0.6992527756032699,0.8499545197419432,0.6992527756032699,0.3706136523707854,0.11064485777646561,0.015388164254297867,0.0008005298185152836,0.000012336537686535966,4.43287856080015e-8,1.607670506702324e-30
0.,9.930093593469677e-10,1.3276181533418692e-6,0.00025118139831789647,0.009356624455984123,0.09526630548544705,0.36487473858669983,0.703683074922755,0.8515079244611234,0.703683074922755,0.36487473858669983,0.09526630548544705,0.009356624455984123,0.00025118139831789647,1.3276181533418692e-6,9.930093593469677e-10,0.
-1.0708303997025428e-26,0.000013703592525698205,0.0004426081249520142,0.006259984680140179,0.04394054042543874,0.17216624030831557,0.41824814784771286,0.6859681144592722,0.8036228141332838,0.6859681144592722,0.41824814784771286,0.17216624030831557,0.04394054042543874,0.006259984680140179,0.0004426081249520142,0.000013703592525698205,-1.0708303997025428e-26
0.,3.653224909065137e-10,6.21868047014613e-7,0.0001454663703342943,0.006516114244191549,0.07756045185422393,0.336224665416006,0.7041670268651052,0.8775452441964549,0.7041670268651052,0.336224665416006,0.07756045185422393,0.006516114244191549,0.0001454663703342943,6.21868047014613e-7,3.653224909065137e-10,0.
0.,1.616539349685715e-9,1.7611871391871668e-6,0.00028996779666807686,0.009920224241401524,0.09670275747377688,0.3648154146530433,0.7031229045559189,0.852147503523586,0.7031229045559189,0.3648154146530433,0.09670275747377688,0.009920224241401524,0.00028996779666807686,1.7611871391871668e-6,1.616539349685715e-9,0.
0.,0.0009963612466334605,0.006547941216178536,0.029903419280565433,0.09901855589534546,0.24410105547758826,0.4576540050491716,0.6629566243703099,0.7492766257794057,0.6629566243703099,0.4576540050491716,0.24410105547758826,0.09901855589534546,0.029903419280565433,0.006547941216178536,0.0009963612466334605,0.
-2.6868059932327645e-30,6.488619116486925e-8,0.0000159947203292979,0.0009457131907471989,0.016968004166281102,0.11619851585714869,0.37694590290125474,0.6984802830458784,0.8440926279734319,0.6984802830458784,0.37694590290125474,0.11619851585714869,0.016968004166281102,0.0009457131907471989,0.0000159947203292979,6.488619116486925e-8,-2.6868059932327645e-30
3.087110224546546e-31,1.825950808140584e-8,9.137964993474477e-6,0.000831165702600543,0.018364161203026697,0.13158186026039279,0.40559409404292107,0.697305758619703,0.8143792346718175,0.697305758619703,0.40559409404292107,0.13158186026039279,0.018364161203026697,0.000831165702600543,9.137964993474477e-6,1.825950808140584e-8,3.087110224546546e-31
0.,4.933640437926539e-9,3.700704191331542e-6,0.0004608433475534548,0.012905369509067696,0.10983853307318447,0.3807145208852451,0.7012423960933691,0.8379550972622934,0.7012423960933691,0.3807145208852451,0.10983853307318447,0.012905369509067696,0.0004608433475534548,3.700704191331542e-6,4.933640437926539e-9,0.
-2.0211743291755708e-33,5.534662541912621e-10,1.0121179197188425e-6,0.00023274065564605093,0.009573204391196534,0.1001482238005283,0.3767944038735895,0.7040893665326076,0.8392408081855919,0.7040893665326076,0.3767944038735895,0.1001482238005283,0.009573204391196534,0.00023274065564605093,1.0121179197188425e-6,5.534662541912621e-10,-2.0211743291755708e-33
0.,0.00014125245942588232,0.002587002903557182,0.021959318524070143,0.09843983586954666,0.2646330457277479,0.4809100444236502,0.6552376445357475,0.7199710333664037,0.6552376445357475,0.4809100444236502,0.2646330457277479,0.09843983586954666,0.021959318524070143,0.002587002903557182,0.00014125245942588232,0.
0.,1.6356077861818552e-9,1.8411584812749e-6,0.00030681113271153874,0.010453234239833967,0.1003604516821101,0.371095229728507,0.7029711294238833,0.8460947433654854,0.7029711294238833,0.371095229728507,0.1003604516821101,0.010453234239833967,0.00030681113271153874,1.8411584812749e-6,1.6356077861818552e-9,0.
0.,2.0940618138845106e-6,0.00012914394740920712,0.0029434608863218347,0.028909499867676696,0.1415097494536739,0.39362764636567094,0.6929045074070136,0.8295434550847864,0.6929045074070136,0.39362764636567094,0.1415097494536739,0.028909499867676696,0.0029434608863218347,0.00012914394740920712,2.0940618138845106e-6,0.
0.,8.25530864314951e-7,0.00009716950771501602,0.0031719535219485125,0.035678141487541656,0.1713628041203248,0.43197053158751797,0.6869652626636285,0.788456711587977,0.6869652626636285,0.43197053158751797,0.1713628041203248,0.035678141487541656,0.0031719535219485125,0.00009716950771501602,8.25530864314951e-7,0.
0.,5.625971021752302e-9,3.864876344485663e-6,0.00045747614987004027,0.012545466649632768,0.10685188356238778,0.3752238260040758,0.7013687825888398,0.8434618890050272,0.7013687825888398,0.3752238260040758,0.10685188356238778,0.012545466649632768,0.00045747614987004027,3.864876344485663e-6,5.625971021752302e-9,0.
-5.694796383833425e-29,6.837011193184557e-7,0.00008590900532245693,0.0029428336296872487,0.034240622083313126,0.16816064716829404,0.4295868845597243,0.6878296666162766,0.7910580133917359,0.6878296666162766,0.4295868845597243,0.16816064716829404,0.034240622083313126,0.0029428336296872487,0.00008590900532245693,6.837011193184557e-7,-5.694796383833425e-29
0.,5.278568207707238e-7,0.00005940704069141005,0.0020132147484916065,0.02496400007348294,0.1367591540379546,0.3943188756203276,0.6944266189728757,0.8281956055860952,0.6944266189728757,0.3943188756203276,0.1367591540379546,0.02496400007348294,0.0020132147484916065,0.00005940704069141005,5.278568207707238e-7,0.
0.,2.0351471430520864e-9,1.895393321612103e-6,0.00028521335965894085,0.009407740712958638,0.09190785290552761,0.35513450331770696,0.7029090062867953,0.861698836972703,0.7029090062867953,0.35513450331770696,0.09190785290552761,0.009407740712958638,0.00028521335965894085,1.895393321612103e-6,2.0351471430520864e-9,0.
0.,6.8755970122094954e-6,0.000345207074188247,0.006264514653880834,0.04864938970472283,0.19058054587976347,0.4394730665443975,0.6813323791129984,0.779644212482209,0.6813323791129984,0.4394730665443975,0.19058054587976347,0.04864938970472283,0.006264514653880834,0.000345207074188247,6.8755970122094954e-6,0.
0.,8.720533519600065e-6,0.00027914099278410713,0.00418795359223561,0.03256476448587328,0.14380754927603245,0.39021461609012964,0.6918086552977055,0.8335162209806517,0.6918086552977055,0.39021461609012964,0.14380754927603245,0.03256476448587328,0.00418795359223561,0.00027914099278410713,8.720533519600065e-6,0.
-1.194052978123242e-33,3.4476974823944467e-10,6.772274559995836e-7,0.0001690824800705318,0.0076014029224770515,0.08699238431931533,0.3551920762937076,0.7048910332290017,0.8594658581025161,0.7048910332290017,0.3551920762937076,0.08699238431931533,0.0076014029224770515,0.0001690824800705318,6.772274559995836e-7,3.4476974823944467e-10,-1.194052978123242e-33
-5.189685527918783e-27,8.692972941901598e-6,0.00035596156762011114,0.005815761380822341,0.043869633289113745,0.1756351969378996,0.4238411603816739,0.6852648310977598,0.7974516474357983,0.6852648310977598,0.4238411603816739,0.1756351969378996,0.043869633289113745,0.005815761380822341,0.00035596156762011114,8.692972941901598e-6,-5.189685527918783e-27
0.,6.647355641451769e-10,9.731134978656401e-7,0.0001999550239923694,0.00802312000004948,0.0871812293549515,0.3521244601396733,0.7041040778603359,0.8632266937246497,0.7041040778603359,0.3521244601396733,0.0871812293549515,0.00802312000004948,0.0001999550239923694,9.731134978656401e-7,6.647355641451769e-10,0.
0.,5.89265969859991e-7,0.00005700732046350346,0.0018016255609797358,0.022158127709282896,0.1253010883737676,0.379129396837315,0.6959137030648656,0.8435288071587161,0.6959137030648656,0.379129396837315,0.1253010883737676,0.022158127709282896,0.0018016255609797358,0.00005700732046350346,5.89265969859991e-7,0.
-8.28554391618562e-31,2.655887155179719e-8,8.536778436138055e-6,0.0006231719010019352,0.01316237604545762,0.1017911347634479,0.35935213203754346,0.7001547518140682,0.8603653285098217,0.7001547518140682,0.35935213203754346,0.1017911347634479,0.01316237604545762,0.0006231719010019352,8.536778436138055e-6,2.655887155179719e-8,-8.28554391618562e-31
0.,1.826651118850599e-8,7.775437257442018e-6,0.0006624620248036123,0.014786297360974612,0.11270795939808326,0.37817838475738985,0.6998442171287571,0.8417565551575135,0.6998442171287571,0.37817838475738985,0.11270795939808326,0.014786297360974612,0.0006624620248036123,7.775437257442018e-6,1.826651118850599e-8,0.
-5.810745554754734e-27,0.000011340247475262237,0.0005075126020766189,0.008284034250283573,0.05846132994942589,0.21077040105875536,0.45489055701940645,0.6751228347668193,0.7607535258142986,0.6751228347668193,0.45489055701940645,0.21077040105875536,0.05846132994942589,0.008284034250283573,0.0005075126020766189,0.000011340247475262237,-5.810745554754734e-27
0.,0.00009787585058346193,0.0015403756245924002,0.013029090651132946,0.06466680526379456,0.20395760880344688,0.43812519787669363,0.6769829256396713,0.7794719444048146,0.6769829256396713,0.43812519787669363,0.20395760880344688,0.06466680526379456,0.013029090651132946,0.0015403756245924002,0.00009787585058346193,0.
0.,6.358830916857271e-6,0.0002623372889799686,0.004478710339634088,0.03615272151873614,0.15638762520313781,0.4054271737670766,0.6896866165666802,0.8175291293370298,0.6896866165666802,0.4054271737670766,0.15638762520313781,0.03615272151873614,0.004478710339634088,0.0002623372889799686,6.358830916857271e-6,0.
0.,2.6989360204648875e-7,0.000036797377536455854,0.0014572993273246528,0.020450662395545834,0.12315377332893182,0.3798396021373566,0.6966946220634456,0.8423197437476728,0.6966946220634456,0.3798396021373566,0.12315377332893182,0.020450662395545834,0.0014572993273246528,0.000036797377536455854,2.6989360204648875e-7,0.
0.,1.923016037810735e-10,4.031993664698864e-7,0.00011045272400863892,0.005552208403362666,0.07159491090812076,0.32678337101856647,0.7042028147990504,0.885610972316327,0.7042028147990504,0.32678337101856647,0.07159491090812076,0.005552208403362666,0.00011045272400863892,4.031993664698864e-7,1.923016037810735e-10,0.
0.,1.63247372656369e-9,1.8915747812705801e-6,0.0003190593208271815,0.010858069016881567,0.10316826060671208,0.3758896810202733,0.7028076728784977,0.8414351634830407,0.7028076728784977,0.3758896810202733,0.10316826060671208,0.010858069016881567,0.0003190593208271815,1.8915747812705801e-6,1.63247372656369e-9,0.
5.380678977266729e-25,0.0003247409121440709,0.004437728971757306,0.03035979523111337,0.11705089593391624,0.28512936933649646,0.488635509490524,0.6462431054842829,0.7037985397732561,0.6462431054842829,0.488635509490524,0.28512936933649646,0.11705089593391624,0.03035979523111337,0.004437728971757306,0.0003247409121440709,5.380678977266729e-25
0.,2.7834438541137205e-10,5.44951850719807e-7,0.00013918777449927687,0.006527695249490367,0.07884251582263252,0.3401737381021478,0.7046636509202749,0.8734656927471397,0.7046636509202749,0.3401737381021478,0.07884251582263252,0.006527695249490367,0.00013918777449927687,5.44951850719807e-7,2.7834438541137205e-10,0.
0.,2.0486450213700797e-10,4.1468695056252836e-7,0.00011118392659650232,0.005530637648990653,0.07114526061035474,0.325514424993058,0.7040344746164041,0.8868852028017747,0.7040344746164041,0.325514424993058,0.07114526061035474,0.005530637648990653,0.00011118392659650232,4.1468695056252836e-7,2.0486450213700797e-10,0.
0.,5.848332510033417e-7,0.000057182847524525294,0.0018159296009385814,0.02234507877325275,0.12607113316176793,0.3801728094450592,0.6958301642016008,0.8424873699447647,0.6958301642016008,0.3801728094450592,0.12607113316176793,0.02234507877325275,0.0018159296009385814,0.000057182847524525294,5.848332510033417e-7,0.
5.4869386080183184e-27,0.00001104932488631462,0.0005070776804927359,0.008383565052156724,0.05935115941465963,0.21323863058975442,0.4571596961384969,0.6743139130942442,0.757947146649553,0.6743139130942442,0.4571596961384969,0.21323863058975442,0.05935115941465963,0.008383565052156724,0.0005070776804927359,0.00001104932488631462,5.4869386080183184e-27
0.,0.000012991128813449497,0.0005676290361757401,0.009027736581210638,0.062032397858412046,0.2179949113553811,0.46024469419613884,0.6727238978961687,0.7538776440189102,0.6727238978961687,0.46024469419613884,0.2179949113553811,0.062032397858412046,0.009027736581210638,0.0005676290361757401,0.000012991128813449497,0.
0.,5.168183783890122e-8,0.000013125386116864128,0.0008070733341436622,0.01514369755282958,0.1085502846904555,0.3667222309929425,0.6992547643019106,0.8538669843809852,0.6992547643019106,0.3667222309929425,0.1085502846904555,0.01514369755282958,0.0008070733341436622,0.000013125386116864128,5.168183783890122e-8,0.
0.,0.000028330021207821677,0.0008461122153186974,0.01057575763361827,0.06385496112550372,0.21394849440831692,0.45250991065271706,0.6740487509569857,0.7627962810489388,0.6740487509569857,0.45250991065271706,0.21394849440831692,0.06385496112550372,0.01057575763361827,0.0008461122153186974,0.000028330021207821677,0.
2.3203315209241203e-33,5.355325733032823e-10,8.767091118212973e-7,0.00019325586872759936,0.008043255708530274,0.0884039210487695,0.3555565129028208,0.7043956648213087,0.8596808563174233,0.7043956648213087,0.3555565129028208,0.0884039210487695,0.008043255708530274,0.00019325586872759936,8.767091118212973e-7,5.355325733032823e-10,2.3203315209241203e-33
0.,3.5453386329560695e-7,0.00004560819963920913,0.001708016801304299,0.022750057055561053,0.1308060936544169,0.3886738326671689,0.6955516030493014,0.8336784866013806,0.6955516030493014,0.3886738326671689,0.1308060936544169,0.022750057055561053,0.001708016801304299,0.00004560819963920913,3.5453386329560695e-7,0.
-9.848137819594734e-33,1.3673622265128273e-9,1.4855599670825893e-6,0.0002490311680910329,0.008809816625801593,0.08960779005663858,0.35297101860385993,0.7033230944728976,0.8632964961445172,0.7033230944728976,0.35297101860385993,0.08960779005663858,0.008809816625801593,0.0002490311680910329,1.4855599670825893e-6,1.3673622265128273e-9,-9.848137819594734e-33
-2.987855088901583e-32,3.177395824503698e-9,2.7045369609183615e-6,0.00037283684482313433,0.011312595019130206,0.10237983297355609,0.37093662579799686,0.7022003483994127,0.8470074869826857,0.7022003483994127,0.37093662579799686,0.10237983297355609,0.011312595019130206,0.00037283684482313433,2.7045369609183615e-6,3.177395824503698e-9,-2.987855088901583e-32
0.,1.0259230542511921e-7,0.00002433274288666435,0.0013415137741862354,0.02196807591958435,0.13606559819093317,0.4018785877249011,0.6954959765983721,0.8194886122479349,0.6954959765983721,0.4018785877249011,0.13606559819093317,0.02196807591958435,0.0013415137741862354,0.00002433274288666435,1.0259230542511921e-7,0.
0.,2.459739444155542e-8,8.003569775975281e-6,0.0005925124323418018,0.01270265091899365,0.09967194177219764,0.35630826408069904,0.7002739155307776,0.8632086717885025,0.7002739155307776,0.35630826408069904,0.09967194177219764,0.01270265091899365,0.0005925124323418018,8.003569775975281e-6,2.459739444155542e-8,0.
0.,0.0000207248227509606,0.00048548358335519167,0.005823951834398343,0.038902014063236214,0.15595901034012274,0.3999786096117995,0.6892844657188338,0.8234479958342731,0.6892844657188338,0.3999786096117995,0.15595901034012274,0.038902014063236214,0.005823951834398343,0.00048548358335519167,0.0000207248227509606,0.
8.245948437798776e-31,2.8064664003108322e-8,9.347602472970945e-6,0.000687208364101225,0.014308621750711773,0.10764547512637587,0.36826763253810674,0.6998487421850051,0.8518191175803101,0.6998487421850051,0.36826763253810674,0.10764547512637587,0.014308621750711773,0.000687208364101225,9.347602472970945e-6,2.8064664003108322e-8,8.245948437798776e-31
0.,0.08094763374512182,0.225464359063446,0.42310254221878857,0.5553587205668047,0.4550187792994208,0.08608902217986146,-0.33799409949172476,-0.4942383830441525,-0.33799409949172476,0.08608902217986146,0.4550187792994208,0.5553587205668047,0.42310254221878857,0.225464359063446,0.08094763374512182,0.
0.,1.8004942144319243e-8,7.4154164161743656e-6,0.0006246526276978048,0.014016493328382564,0.10859408340105905,0.37193692035828646,0.7001853168037915,0.8478371336464023,0.7001853168037915,0.37193692035828646,0.10859408340105905,0.014016493328382564,0.0006246526276978048,7.4154164161743656e-6,1.8004942144319243e-8,0.
0.,8.44923599822427e-8,0.000020956197628141717,0.0012032981794386046,0.020435719417992083,0.13063250538989443,0.39572432158112164,0.6964963949431272,0.8256042488761889,0.6964963949431272,0.39572432158112164,0.13063250538989443,0.020435719417992083,0.0012032981794386046,0.000020956197628141717,8.44923599822427e-8,0.
0.,8.176213044335274e-9,4.566792154515217e-6,0.0004763495044547091,0.01228056294124499,0.1031157627888388,0.36722975443583744,0.7012394104410044,0.8516121427016193,0.7012394104410044,0.36722975443583744,0.1031157627888388,0.01228056294124499,0.0004763495044547091,4.566792154515217e-6,8.176213044335274e-9,0.
7.876192124352521e-34,2.136524587006556e-10,4.1834810600605416e-7,0.00011013927417236161,0.0054439994276193025,0.07017807365696162,0.32322153344682786,0.7037971070589178,0.8890917414146362,0.7037971070589178,0.32322153344682786,0.07017807365696162,0.0054439994276193025,0.00011013927417236161,4.1834810600605416e-7,2.136524587006556e-10,7.876192124352521e-34
0.,0.08064677767093884,0.23216710254167736,0.4353261998220719,0.5539337273755399,0.42680643697432674,0.05036250270426127,-0.3559417976078092,-0.5070409231289066,-0.3559417976078092,0.05036250270426127,0.42680643697432674,0.5539337273755399,0.4353261998220719,0.23216710254167736,0.08064677767093884,0.
3.637849074215841e-24,0.0006990953695182638,0.006079646157905538,0.03198582506516915,0.1100258079738455,0.2646677641791829,0.4722402548806169,0.654931315800319,0.7277886151905405,0.654931315800319,0.4722402548806169,0.2646677641791829,0.1100258079738455,0.03198582506516915,0.006079646157905538,0.0006990953695182638,3.637849074215841e-24
0.,3.8843797477800704e-10,6.196210495298587e-7,0.0001401961171801437,0.006228281765187023,0.074824761980038,0.3303036142332835,0.7037334872991204,0.8831992284315048,0.7037334872991204,0.3303036142332835,0.074824761980038,0.006228281765187023,0.0001401961171801437,6.196210495298587e-7,3.8843797477800704e-10,0.
-4.831993084606432e-30,8.634341675070446e-8,0.000016949802447850233,0.0008873355853159314,0.015303744277188228,0.1065616327939966,0.36135534325399155,0.6989057605046206,0.8594913189165465,0.6989057605046206,0.36135534325399155,0.1065616327939966,0.015303744277188228,0.0008873355853159314,0.000016949802447850233,8.634341675070446e-8,-4.831993084606432e-30
0.,1.2756848899499692e-9,1.6800538576689172e-6,0.00030715976597266365,0.010901266847495976,0.10492593425381479,0.38024689182287014,0.7029148588476976,0.8368926646118019,0.7029148588476976,0.38024689182287014,0.10492593425381479,0.010901266847495976,0.00030715976597266365,1.6800538576689172e-6,1.2756848899499692e-9,0.
0.,1.8938028516747376e-6,0.0001663471995361196,0.00438287897576521,0.04248228318116512,0.18532035036015818,0.44160021706484365,0.6830176008538147,0.777571333592307,0.6830176008538147,0.44160021706484365,0.18532035036015818,0.04248228318116512,0.00438287897576521,0.0001663471995361196,1.8938028516747376e-6,0.
0.,1.4157054008985934e-9,1.3744875155973055e-6,0.00021937774077905283,0.0077634362991964335,0.08169166599744283,0.33794596188322323,0.7028426944368661,0.8775767164358989,0.7028426944368661,0.33794596188322323,0.08169166599744283,0.0077634362991964335,0.00021937774077905283,1.3744875155973055e-6,1.4157054008985934e-9,0.
-7.743748641478508e-34,2.392763507646468e-10,5.056968996832376e-7,0.00013556952298970812,0.006523400261237024,0.07947581101832694,0.3422211515881188,0.7049228956796724,0.8713303244245967,0.7049228956796724,0.3422211515881188,0.07947581101832694,0.006523400261237024,0.00013556952298970812,5.056968996832376e-7,2.392763507646468e-10,-7.743748641478508e-34
0.,3.675092631967083e-7,0.000049425858980911196,0.001874022459954651,0.02467193212036939,0.13813438033398368,0.39783633314825095,0.6944125106847395,0.8244079214894285,0.6944125106847395,0.39783633314825095,0.13813438033398368,0.02467193212036939,0.001874022459954651,0.000049425858980911196,3.675092631967083e-7,0.
0.,9.634428069996831e-8,0.000022911094734299173,0.0012739018684752947,0.021126972351981015,0.13280947375500743,0.39793134581381734,0.6960731612826537,0.8234640795146944,0.6960731612826537,0.39793134581381734,0.13280947375500743,0.021126972351981015,0.0012739018684752947,0.000022911094734299173,9.634428069996831e-8,0.
0.,3.62645274923857e-8,0.00001095867176514474,0.0007521871314754859,0.014971061296427475,0.10966093134479031,0.3701026439031957,0.6994942488033667,0.8502724184540694,0.6994942488033667,0.3701026439031957,0.10966093134479031,0.014971061296427475,0.0007521871314754859,0.00001095867176514474,3.62645274923857e-8,0.
0.,1.1412792118503679e-8,5.065587903952424e-6,0.00046396463209177256,0.011365447992019977,0.09589290128552642,0.35365868220893126,0.7010731869564781,0.8649820623676512,0.7010731869564781,0.35365868220893126,0.09589290128552642,0.011365447992019977,0.00046396463209177256,5.065587903952424e-6,1.1412792118503679e-8,0.
0.,2.0418996503508933e-8,8.832667306340213e-6,0.0007476034207082636,0.01629685285675786,0.12006378914632514,0.3885462203655648,0.6989622611901014,0.8316276254977769,0.6989622611901014,0.3885462203655648,0.12006378914632514,0.01629685285675786,0.0007476034207082636,8.832667306340213e-6,2.0418996503508933e-8,0.
-2.5024162406749474e-31,1.553528409375001e-8,8.135173034099484e-6,0.0007677649691793053,0.017472026485383065,0.12810945790492242,0.40166141535305333,0.6979967490642051,0.818231137846176,0.6979967490642051,0.40166141535305333,0.12810945790492242,0.017472026485383065,0.0007677649691793053,8.135173034099484e-6,1.553528409375001e-8,-2.5024162406749474e-31
0.,3.4365652087050605e-10,6.374608879437991e-7,0.00015550270223311355,0.007016255378422638,0.0820968861349379,0.3456500930748288,0.7046612730279744,0.8685486537590238,0.7046612730279744,0.3456500930748288,0.0820968861349379,0.007016255378422638,0.00015550270223311355,6.374608879437991e-7,3.4365652087050605e-10,0.
0.,2.3938622970029288e-9,2.1338608952601845e-6,0.0003096187749266838,0.009913192336694236,0.0945795876034271,0.35905089934198514,0.7027349135462633,0.8581400232250557,0.7027349135462633,0.35905089934198514,0.0945795876034271,0.009913192336694236,0.0003096187749266838,2.1338608952601845e-6,2.3938622970029288e-9,0.
0.,4.330738973241038e-8,0.000015331596395564122,0.0010973105694736848,0.020826775532275757,0.1372598990976779,0.408282052601282,0.6957743129251656,0.8123162800852813,0.6957743129251656,0.408282052601282,0.1372598990976779,0.020826775532275757,0.0010973105694736848,0.000015331596395564122,4.330738973241038e-8,0.
0.,1.6490707775611104e-9,1.9123410396288404e-6,0.00032230331717366664,0.010946220489415086,0.10371468109321944,0.37675594523390765,0.7027599586321529,0.8406029953432472,0.7027599586321529,0.37675594523390765,0.10371468109321944,0.010946220489415086,0.00032230331717366664,1.9123410396288404e-6,1.6490707775611104e-9,0.
0.,1.4980867431386249e-10,3.5187595127054203e-7,0.00010386161793010032,0.005450066969764658,0.0716258123882224,0.32803771757002026,0.7045633493207308,0.8841047823895843,0.7045633493207308,0.32803771757002026,0.0716258123882224,0.005450066969764658,0.00010386161793010032,3.5187595127054203e-7,1.4980867431386249e-10,0.
-3.854401063280862e-31,1.805880484696022e-8,7.730068562589009e-6,0.0006609470748485781,0.014780996188823817,0.11274838372175569,0.37829922692317486,0.6998502563869996,0.8416272663369601,0.6998502563869996,0.37829922692317486,0.11274838372175569,0.014780996188823817,0.0006609470748485781,7.730068562589009e-6,1.805880484696022e-8,-3.854401063280862e-31
-7.271577353682814e-32,6.1303827149658e-9,4.2423413362834605e-6,0.0004987220480815653,0.0134382021305041,0.11172478355696357,0.38249938057932376,0.7008728323642124,0.8364309226205959,0.7008728323642124,0.38249938057932376,0.11172478355696357,0.0134382021305041,0.0004987220480815653,4.2423413362834605e-6,6.1303827149658e-9,-7.271577353682814e-32
0.,2.8909972749083418e-9,2.112697055679525e-6,0.00027705431948717304,0.008655057222101983,0.08497349420624682,0.3408122167393442,0.7022338301611645,0.875692813716725,0.7022338301611645,0.3408122167393442,0.08497349420624682,0.008655057222101983,0.00027705431948717304,2.112697055679525e-6,2.8909972749083418e-9,0.
0.,2.429115803126259e-6,0.00016940454864702962,0.0039626827770581656,0.03720829308057622,0.16695973384859156,0.42138040131360943,0.6877448085707515,0.800212343872483,0.6877448085707515,0.42138040131360943,0.16695973384859156,0.03720829308057622,0.0039626827770581656,0.00016940454864702962,2.429115803126259e-6,0.
0.,0.0000122356522418811,0.00045787657160536386,0.006926265383816691,0.048984348355922955,0.18620083979394866,0.43234634807048,0.6824414383076177,0.7876952700758427,0.6824414383076177,0.43234634807048,0.18620083979394866,0.048984348355922955,0.006926265383816691,0.00045787657160536386,0.0000122356522418811,0.
-6.802512674856949e-32,4.8443854551807156e-9,3.0528941426717845e-6,0.0003552651143385927,0.010099283472234282,0.09226474515681121,0.3515049021031911,0.7019524645993228,0.8661315672365818,0.7019524645993228,0.3515049021031911,0.09226474515681121,0.010099283472234282,0.0003552651143385927,3.0528941426717845e-6,4.8443854551807156e-9,-6.802512674856949e-32
4.390594113034735e-27,8.74681707387067e-6,0.0004061085755378362,0.006943238455266551,0.051610399732848554,0.1960840916345583,0.4432813305799549,0.6797011892785841,0.7750445195201142,0.6797011892785841,0.4432813305799549,0.1960840916345583,0.051610399732848554,0.006943238455266551,0.0004061085755378362,8.74681707387067e-6,4.390594113034735e-27
-1.3935732117072527e-26,0.000018952193519893982,0.0006221205356964754,0.008478359923916325,0.05530383761003475,0.19794730456689877,0.4408753267280017,0.6790461640120673,0.7774463153016906,0.6790461640120673,0.4408753267280017,0.19794730456689877,0.05530383761003475,0.008478359923916325,0.0006221205356964754,0.000018952193519893982,-1.3935732117072527e-26
0.,7.332048976617493e-9,4.038950395569642e-6,0.0004243953054219391,0.011196952766900069,0.09712089445804013,0.35784315106235554,0.70152516077766,0.8605260907808234,0.70152516077766,0.35784315106235554,0.09712089445804013,0.011196952766900069,0.0004243953054219391,4.038950395569642e-6,7.332048976617493e-9,0.
0.,1.3015728021773482e-7,0.000024943134020161236,0.0012298744071959889,0.01950307764495656,0.12360562566439377,0.3839610620888215,0.6971614258974302,0.8377107264410557,0.6971614258974302,0.3839610620888215,0.12360562566439377,0.01950307764495656,0.0012298744071959889,0.000024943134020161236,1.3015728021773482e-7,0.
0.,3.7303395895607797e-10,7.176287192764176e-7,0.00017607392682650067,0.007802597994361017,0.0882636913016888,0.3572058253498954,0.7048240251758273,0.8576418924724487,0.7048240251758273,0.3572058253498954,0.0882636913016888,0.007802597994361017,0.00017607392682650067,7.176287192764176e-7,3.7303395895607797e-10,0.
0.,1.354506010907846e-7,0.000023254185011548902,0.0010943918367538985,0.017382261661273147,0.113847304389152,0.3700533700498651,0.6980904428779355,0.8514290115371949,0.6980904428779355,0.3700533700498651,0.113847304389152,0.017382261661273147,0.0010943918367538985,0.000023254185011548902,1.354506010907846e-7,0.
6.057060191108016e-29,6.874780381039806e-7,0.00008302437317068734,0.0027983057161773167,0.032624473448493035,0.16252279876890838,0.4233372244657523,0.6892022148287898,0.7978722591986213,0.6892022148287898,0.4233372244657523,0.16252279876890838,0.032624473448493035,0.0027983057161773167,0.00008302437317068734,6.874780381039806e-7,6.057060191108016e-29
0.,8.871905026571007e-10,1.3560062441594042e-6,0.00027461698333405913,0.010389104153160258,0.10344827280215911,0.3798168000664459,0.7033833577462628,0.8368769272270878,0.7033833577462628,0.3798168000664459,0.10344827280215911,0.010389104153160258,0.00027461698333405913,1.3560062441594042e-6,8.871905026571007e-10,0.
0.,0.0009292621210639451,0.007355537511863328,0.036010410647314965,0.1175635794486046,0.27279356605023225,0.4756634037706546,0.651381193850516,0.720899003322959,0.651381193850516,0.4756634037706546,0.27279356605023225,0.1175635794486046,0.036010410647314965,0.007355537511863328,0.0009292621210639451,0.
0.,0.0013662842375779319,0.01041674609847836,0.04767976899292548,0.14303677818185795,0.3038752901541354,0.490350495867305,0.6366769115904665,0.6913919725610593,0.6366769115904665,0.490350495867305,0.3038752901541354,0.14303677818185795,0.04767976899292548,0.01041674609847836,0.0013662842375779319,0.
0.,7.322780583119918e-8,0.00001727283310881163,0.0009894388112816998,0.017376204510710383,0.11741866927985807,0.378110011237081,0.6982676078252956,0.8430481839641114,0.6982676078252956,0.378110011237081,0.11741866927985807,0.017376204510710383,0.0009894388112816998,0.00001727283310881163,7.322780583119918e-8,0.
0.,2.0016898543408727e-10,4.4377331978644736e-7,0.00012379472373535427,0.006154192602255843,0.07695662720091687,0.3379386070966954,0.7049064695718424,0.8751490801462056,0.7049064695718424,0.3379386070966954,0.07695662720091687,0.006154192602255843,0.00012379472373535427,4.4377331978644736e-7,2.0016898543408727e-10,0.
0.,3.600855706938657e-9,2.4194838769736583e-6,0.00029908925433335835,0.008989938268268235,0.08628872184426643,0.34221476604477824,0.7020598488076331,0.8746132329431567,0.7020598488076331,0.34221476604477824,0.08628872184426643,0.008989938268268235,0.00029908925433335835,2.4194838769736583e-6,3.600855706938657e-9,0.
5.868404613700026e-26,0.00004868728743939976,0.0010125736695087207,0.01036204214120326,0.05798193724760927,0.1956633334939601,0.4342570338602856,0.679533808220379,0.7847295591436445,0.679533808220379,0.4342570338602856,0.1956633334939601,0.05798193724760927,0.01036204214120326,0.0010125736695087207,0.00004868728743939976,5.868404613700026e-26
0.,1.5869002862120655e-7,0.000028910875073922544,0.0013646718674518638,0.020854999157381787,0.12822831154805822,0.38924009664478076,0.6964310984360376,0.8325822503864266,0.6964310984360376,0.38924009664478076,0.12822831154805822,0.020854999157381787,0.0013646718674518638,0.000028910875073922544,1.5869002862120655e-7,0.
0.,3.2362250304300895e-7,0.000056260657626326164,0.0023947784975561,0.03171644798399589,0.16582822198975608,0.43136587070809784,0.6886189392605313,0.7889446547306779,0.6886189392605313,0.43136587070809784,0.16582822198975608,0.03171644798399589,0.0023947784975561,0.000056260657626326164,3.2362250304300895e-7,0.
0.,0.000037250519667912134,0.0011094599665238208,0.013378631947121682,0.07614314119928274,0.23774375527996344,0.46980401427322116,0.6657647491079013,0.7396504298906443,0.6657647491079013,0.46980401427322116,0.23774375527996344,0.07614314119928274,0.013378631947121682,0.0011094599665238208,0.000037250519667912134,0.
0.,4.1741411166503973e-10,7.738337881251661e-7,0.00018464600330805192,0.008019038692025736,0.08946289563964628,0.3588771194453418,0.7047064705767618,0.8561860052275354,0.7047064705767618,0.3588771194453418,0.08946289563964628,0.008019038692025736,0.00018464600330805192,7.738337881251661e-7,4.1741411166503973e-10,0.
0.,3.205717828954555e-6,0.00022571131878145533,0.005120271847370291,0.04529666987296566,0.1885544249755499,0.44175912868509337,0.682022143729834,0.7772565095268029,0.682022143729834,0.44175912868509337,0.1885544249755499,0.04529666987296566,0.005120271847370291,0.00022571131878145533,3.205717828954555e-6,0.
-1.3830191064796494e-32,1.8649607509755325e-9,1.9389993317977714e-6,0.0003081581267476303,0.01027504705811891,0.09839766218012103,0.3670063942743873,0.7029199277753786,0.8502021828828171,0.7029199277753786,0.3670063942743873,0.09839766218012103,0.01027504705811891,0.0003081581267476303,1.9389993317977714e-6,1.8649607509755325e-9,-1.3830191064796494e-32
0.,6.781396228700489e-7,0.000060054673158126156,0.0018052051159960845,0.02174728492393701,0.12288323582056845,0.37532185217100633,0.6960793870134316,0.8473847966570143,0.6960793870134316,0.37532185217100633,0.12288323582056845,0.02174728492393701,0.0018052051159960845,0.000060054673158126156,6.781396228700489e-7,0.
0.,0.00015109050553216,0.001491416721226645,0.010272101567314531,0.049715669567939144,0.16928791851212427,0.40592362263014214,0.6858429674753223,0.8168324081189547,0.6858429674753223,0.40592362263014214,0.16928791851212427,0.049715669567939144,0.010272101567314531,0.001491416721226645,0.00015109050553216,0.
0.,3.9345214205021686e-8,0.000011608648098356818,0.0007817170752342417,0.015328517927230379,0.11102653986771165,0.3717676309073635,0.6993274580371531,0.8487254644005947,0.6993274580371531,0.3717676309073635,0.11102653986771165,0.015328517927230379,0.0007817170752342417,0.000011608648098356818,3.9345214205021686e-8,0.
0.,1.3500204080910947e-10,3.3978185364445204e-7,0.000104386207407563,0.005569999885957692,0.07318813430660519,0.33191708292719035,0.7049589333967079,0.8803125493938748,0.7049589333967079,0.33191708292719035,0.07318813430660519,0.005569999885957692,0.000104386207407563,3.3978185364445204e-7,1.3500204080910947e-10,0.
0.,5.0895568231735386e-8,0.00001762434860295844,0.0012272176022064183,0.022581158535892293,0.1441309801094743,0.4163077328097347,0.6943326642576765,0.8041208213187607,0.6943326642576765,0.4163077328097347,0.1441309801094743,0.022581158535892293,0.0012272176022064183,0.00001762434860295844,5.0895568231735386e-8,0.
0.,9.330243613702217e-10,1.144086278248339e-6,0.00021045002155633237,0.00797620223211307,0.0851987050074187,0.34665698327336886,0.7036070914329208,0.8688417143652301,0.7036070914329208,0.34665698327336886,0.0851987050074187,0.00797620223211307,0.00021045002155633237,1.144086278248339e-6,9.330243613702217e-10,0.
-6.339879328904003e-34,1.850300930269384e-10,3.8446143893097647e-7,0.00010540092790268549,0.005341977363202966,0.06977704324704058,0.32301301716671255,0.7039268250977014,0.8891022104977145,0.7039268250977014,0.32301301716671255,0.06977704324704058,0.005341977363202966,0.00010540092790268549,3.8446143893097647e-7,1.850300930269384e-10,-6.339879328904003e-34
0.,0.0003716569178431552,0.0036799056675204775,0.022121972910434304,0.08645454764543696,0.23284687241508092,0.45428532657107734,0.667324756493293,0.7564475509259561,0.667324756493293,0.45428532657107734,0.23284687241508092,0.08645454764543696,0.022121972910434304,0.0036799056675204775,0.0003716569178431552,0.
0.,0.00002294552194894521,0.0006117578523424546,0.007552532803893049,0.0484278263478317,0.17951190723904412,0.4230123732802878,0.6840287058461999,0.7981704923428175,0.6840287058461999,0.4230123732802878,0.17951190723904412,0.0484278263478317,0.007552532803893049,0.0006117578523424546,0.00002294552194894521,0.
0.,0.0005827664516490422,0.0040023985032686385,0.020133898099256305,0.07529022337732519,0.2096810439079682,0.43543180651659,0.6748375081069126,0.7809579753449533,0.6748375081069126,0.43543180651659,0.2096810439079682,0.07529022337732519,0.020133898099256305,0.0040023985032686385,0.0005827664516490422,0.
0.,4.8380698422803145e-6,0.00022946167324959833,0.00426673835588713,0.03597270318314529,0.1578374778268066,0.40823896791795955,0.6895051653888392,0.8144919955433404,0.6895051653888392,0.40823896791795955,0.1578374778268066,0.03597270318314529,0.00426673835588713,0.00022946167324959833,4.8380698422803145e-6,0.
0.,0.000011514611355115187,0.0003477185177299084,0.004922692034997601,0.036242405492045444,0.15257319930162985,0.39875676063070487,0.6901670796654065,0.8246769060530779,0.6901670796654065,0.39875676063070487,0.15257319930162985,0.036242405492045444,0.004922692034997601,0.0003477185177299084,0.000011514611355115187,0.
0.,1.576508891436141e-10,3.597325536396148e-7,0.00010432968462552384,0.005428539200213569,0.07121885194276918,0.3269103621327745,0.7044208626222392,0.8852323829507399,0.7044208626222392,0.3269103621327745,0.07121885194276918,0.005428539200213569,0.00010432968462552384,3.597325536396148e-7,1.576508891436141e-10,0.
0.,8.264233438420275e-9,5.18349001099879e-6,0.0005658264632875231,0.014448710401916849,0.11576397793797248,0.3870939754560604,0.7001899546635053,0.8322043879346533,0.7001899546635053,0.3870939754560604,0.11576397793797248,0.014448710401916849,0.0005658264632875231,5.18349001099879e-6,8.264233438420275e-9,0.
0.,3.284685546113004e-8,0.000010172667662910266,0.000713389446811018,0.014463481304557355,0.10758154794800248,0.3674063486620923,0.699711618703715,0.8527985803786552,0.699711618703715,0.3674063486620923,0.10758154794800248,0.014463481304557355,0.000713389446811018,0.000010172667662910266,3.284685546113004e-8,0.
0.,1.3245210042181148e-8,6.963926156418203e-6,0.0006703940113744788,0.01574553347766187,0.11995511138879911,0.39076444293369034,0.6993056512821816,0.8290203210824763,0.6993056512821816,0.39076444293369034,0.11995511138879911,0.01574553347766187,0.0006703940113744788,6.963926156418203e-6,1.3245210042181148e-8,0.
0.,1.082198751530375e-9,1.5385869317894388e-6,0.0002957520820536256,0.010799838186934859,0.10520156639928264,0.3816558848114846,0.703048352507107,0.835317659296329,0.703048352507107,0.3816558848114846,0.10520156639928264,0.010799838186934859,0.0002957520820536256,1.5385869317894388e-6,1.082198751530375e-9,0.
0.,0.0009942629392930165,0.006486451828601975,0.02956659928639415,0.09808050805506437,0.24266948714303221,0.45672760133401447,0.6634937704056231,0.7506593322833822,0.6634937704056231,0.45672760133401447,0.24266948714303221,0.09808050805506437,0.02956659928639415,0.006486451828601975,0.0009942629392930165,0.
-1.4239038982909584e-27,3.12533727317672e-6,0.00017011203160842563,0.0035185281117394596,0.03212324461798009,0.1491935204530021,0.40069805939378267,0.6913765954790309,0.8223581338704508,0.6913765954790309,0.40069805939378267,0.1491935204530021,0.03212324461798009,0.0035185281117394596,0.00017011203160842563,3.12533727317672e-6,-1.4239038982909584e-27
0.,0.000015569212304889634,0.0006339383582365778,0.009596914622978505,0.06387214060588675,0.22037251091859347,0.461167731207857,0.6719187328106778,0.7524803509982956,0.6719187328106778,0.461167731207857,0.22037251091859347,0.06387214060588675,0.009596914622978505,0.0006339383582365778,0.000015569212304889634,0.
-1.2061304055132322e-25,0.00007912755834162889,0.0013115525836174323,0.011628001771479404,0.060138886529870185,0.19626056699815683,0.4325846382227546,0.6792602216196255,0.7863896383859694,0.6792602216196255,0.4325846382227546,0.19626056699815683,0.060138886529870185,0.011628001771479404,0.0013115525836174323,0.00007912755834162889,-1.2061304055132322e-25
-2.426438110070703e-32,2.625093951261404e-9,2.2946622256952073e-6,0.0003268418089915845,0.010285760703011498,0.09662701231197562,0.36214992344241054,0.7026091009675147,0.8552718454608339,0.7026091009675147,0.36214992344241054,0.09662701231197562,0.010285760703011498,0.0003268418089915845,2.2946622256952073e-6,2.625093951261404e-9,-2.426438110070703e-32
0.,1.4168939043358432e-9,1.5508066657741754e-6,0.0002596859067562335,0.009117680386577197,0.09166904169065561,0.356542511263786,0.7033144572706042,0.8599295221296668,0.7033144572706042,0.356542511263786,0.09166904169065561,0.009117680386577197,0.0002596859067562335,1.5508066657741754e-6,1.4168939043358432e-9,0.
0.,6.240298149281082e-6,0.000365253164724823,0.007113038574957775,0.05559241609486334,0.20989520704805462,0.45760787198753955,0.6754087309361839,0.7579192925712889,0.6754087309361839,0.45760787198753955,0.20989520704805462,0.05559241609486334,0.007113038574957775,0.000365253164724823,6.240298149281082e-6,0.
0.,2.017954724113288e-8,8.209310263853562e-6,0.0006789633594238742,0.014898532583992834,0.11271234439561126,0.3776691996767371,0.6997593804015215,0.842349458703218,0.6997593804015215,0.3776691996767371,0.11271234439561126,0.014898532583992834,0.0006789633594238742,8.209310263853562e-6,2.017954724113288e-8,0.
0.,1.5703007246754256e-9,1.575882253482621e-6,0.0002518055140426078,0.008707688922806869,0.08818980989576437,0.3496751803855786,0.7031203528905046,0.8665971439206643,0.7031203528905046,0.3496751803855786,0.08818980989576437,0.008707688922806869,0.0002518055140426078,1.575882253482621e-6,1.5703007246754256e-9,0.
0.,0.000042694927989199585,0.0010098648027944874,0.010999097506705486,0.06234560779040766,0.2065347209452859,0.4441990610391121,0.6763473510071847,0.7727564655646262,0.6763473510071847,0.4441990610391121,0.2065347209452859,0.06234560779040766,0.010999097506705486,0.0010098648027944874,0.000042694927989199585,0.
2.542333523635807e-31,1.2963463226011992e-8,6.03340042326642e-6,0.0005545034936809246,0.013186489337693813,0.10582501399740765,0.36924996103822344,0.7006604604380787,0.8501249526580845,0.7006604604380787,0.36924996103822344,0.10582501399740765,0.013186489337693813,0.0005545034936809246,6.03340042326642e-6,1.2963463226011992e-8,2.542333523635807e-31
0.,0.11022871538428966,0.28135076110475155,0.4695782369845504,0.5404838494948433,0.3788527839105226,0.017880737496552647,-0.3513645972666409,-0.5078216561436822,-0.3513645972666409,0.017880737496552647,0.3788527839105226,0.5404838494948433,0.4695782369845504,0.28135076110475155,0.11022871538428966,0.
0.,1.0274698184277525e-7,0.000024692595706240894,0.0013682318616294589,0.022377162610896225,0.1378396391037693,0.4041780442401075,0.6951852656538895,0.8171355809199613,0.6951852656538895,0.4041780442401075,0.1378396391037693,0.022377162610896225,0.0013682318616294589,0.000024692595706240894,1.0274698184277525e-7,0.
3.626348110241734e-27,8.402855859501747e-6,0.0004369968082102159,0.007839952260310323,0.058150601224874275,0.2132162560242073,0.45873956223771106,0.6743176300857018,0.7562399343467718,0.6743176300857018,0.45873956223771106,0.2132162560242073,0.058150601224874275,0.007839952260310323,0.0004369968082102159,8.402855859501747e-6,3.626348110241734e-27
0.,1.4197163980024922e-8,7.1532373507103605e-6,0.0006714666066396303,0.015593922223717971,0.11867390035511645,0.3884830622384956,0.6994135659545462,0.8313538458776029,0.6994135659545462,0.3884830622384956,0.11867390035511645,0.015593922223717971,0.0006714666066396303,7.1532373507103605e-6,1.4197163980024922e-8,0.
0.,1.9988979403979857e-9,1.7285028532050827e-6,0.000253032993922974,0.008417935073630688,0.0849638366091372,0.3425232554156608,0.7026729664202049,0.8736571580869043,0.7026729664202049,0.3425232554156608,0.0849638366091372,0.008417935073630688,0.000253032993922974,1.7285028532050827e-6,1.9988979403979857e-9,0.
0.,0.00012410850720166722,0.0017259744271944431,0.0135568407037159,0.06488229001088026,0.20237347414941526,0.4357713169709028,0.6774017825238798,0.7821497238285082,0.6774017825238798,0.4357713169709028,0.20237347414941526,0.06488229001088026,0.0135568407037159,0.0017259744271944431,0.00012410850720166722,0.
-4.7005654676804335e-33,8.089421790917043e-10,1.0560815250286297e-6,0.0002025404493796472,0.007868143485213547,0.08503209340400376,0.3470490220592608,0.7037721001636679,0.8682958035050988,0.7037721001636679,0.3470490220592608,0.08503209340400376,0.007868143485213547,0.0002025404493796472,1.0560815250286297e-6,8.089421790917043e-10,-4.7005654676804335e-33
0.,6.741649291549912e-7,0.00006499007548511211,0.002016140615886016,0.024098710860550376,0.13188010607392672,0.38701110297776276,0.6949995279928146,0.8357282884632351,0.6949995279928146,0.38701110297776276,0.13188010607392672,0.024098710860550376,0.002016140615886016,0.00006499007548511211,6.741649291549912e-7,0.
0.,0.00015739842500382822,0.001563623214422214,0.010718478103145768,0.05130978650659104,0.1724625679062023,0.4087396608317594,0.6851254360801052,0.8136849213371506,0.6851254360801052,0.4087396608317594,0.1724625679062023,0.05130978650659104,0.010718478103145768,0.001563623214422214,0.00015739842500382822,0.
1.1672976023808653e-25,0.00010043922829856026,0.0020159172009054436,0.018495683174027108,0.08846232849729152,0.2505344709714503,0.4733709224827655,0.660925388213698,0.7323363772940437,0.660925388213698,0.4733709224827655,0.2505344709714503,0.08846232849729152,0.018495683174027108,0.0020159172009054436,0.00010043922829856026,1.1672976023808653e-25
0.,3.0278957835248437e-9,2.75050405031838e-6,0.00039151884545373197,0.011949243145594188,0.10678351249238252,0.3784768998438452,0.701949350539998,0.8396150586778462,0.701949350539998,0.3784768998438452,0.10678351249238252,0.011949243145594188,0.00039151884545373197,2.75050405031838e-6,3.0278957835248437e-9,0.
-1.2830843299350393e-24,0.0002809314624867485,0.0029767156951862692,0.019046108762052146,0.07862403303403873,0.22158625965725662,0.4473307062072569,0.6712335052722207,0.7664030443391514,0.6712335052722207,0.4473307062072569,0.22158625965725662,0.07862403303403873,0.019046108762052146,0.0029767156951862692,0.0002809314624867485,-1.2830843299350393e-24
-2.3691097484905424e-30,6.009872039351257e-8,0.000015413906031601984,0.0009340824456027821,0.016972103209529122,0.11667986690520445,0.37802093865874903,0.6984952792278772,0.842972606803302,0.6984952792278772,0.37802093865874903,0.11667986690520445,0.016972103209529122,0.0009340824456027821,0.000015413906031601984,6.009872039351257e-8,-2.3691097484905424e-30
0.,6.140378054338889e-10,8.765975581128444e-7,0.00017991431984280059,0.00734433027671402,0.0821562286304979,0.3428618894262653,0.7039281255796238,0.8719250131645693,0.7039281255796238,0.3428618894262653,0.0821562286304979,0.00734433027671402,0.00017991431984280059,8.765975581128444e-7,6.140378054338889e-10,0.
0.,1.237645853276582e-7,0.000023093343161195305,0.0011341271229694176,0.018217940500295064,0.11816215517104918,0.3766257493192948,0.6977885985247692,0.8449244267536394,0.6977885985247692,0.3766257493192948,0.11816215517104918,0.018217940500295064,0.0011341271229694176,0.000023093343161195305,1.237645853276582e-7,0.
0.,9.905344286104844e-10,1.1544369327587093e-6,0.00020662191510904362,0.007762561060778375,0.08327982837252168,0.3427000504524719,0.7034132244211465,0.8726627835908266,0.7034132244211465,0.3427000504524719,0.08327982837252168,0.007762561060778375,0.00020662191510904362,1.1544369327587093e-6,9.905344286104844e-10,0.
-1.0617224205207707e-31,6.362692846037586e-9,3.4964492598298193e-6,0.0003732848515221961,0.010139823539997128,0.09120318368043001,0.34835495416850326,0.7016291723371524,0.8694184256141542,0.7016291723371524,0.34835495416850326,0.09120318368043001,0.010139823539997128,0.0003732848515221961,3.4964492598298193e-6,6.362692846037586e-9,-1.0617224205207707e-31
0.,2.401031990234024e-10,4.792334548048418e-7,0.00012545940450954413,0.006051960567639873,0.07526135854515824,0.33351103800038406,0.7044502577258863,0.8795661469706997,0.7044502577258863,0.33351103800038406,0.07526135854515824,0.006051960567639873,0.00012545940450954413,4.792334548048418e-7,2.401031990234024e-10,0.
0.,0.00009589621942483563,0.0019669351482876182,0.01829977936511433,0.08820532081816194,0.25060352786927287,0.47368216158608195,0.6608989825636534,0.7320063297846812,0.6608989825636534,0.47368216158608195,0.25060352786927287,0.08820532081816194,0.01829977936511433,0.0019669351482876182,0.00009589621942483563,0.
-1.8347098764246294e-33,4.5115863721557105e-10,7.805487091635778e-7,0.00017944390845931675,0.007702281206436775,0.08650330923411179,0.35283873669274296,0.7045493147779115,0.8620580878418022,0.7045493147779115,0.35283873669274296,0.08650330923411179,0.007702281206436775,0.00017944390845931675,7.805487091635778e-7,4.5115863721557105e-10,-1.8347098764246294e-33
0.,3.832850359860414e-10,7.678071918784167e-7,0.00019100383284720217,0.008403308718569223,0.09301493866315604,0.36598071886191236,0.7047861634998699,0.8492484155307316,0.7047861634998699,0.36598071886191236,0.09301493866315604,0.008403308718569223,0.00019100383284720217,7.678071918784167e-7,3.832850359860414e-10,0.
0.,3.20514601778695e-9,2.95751865983517e-6,0.0004210016618621725,0.012694841320860756,0.11119753536722182,0.38528949364629744,0.7014889382191147,0.8329936993156689,0.7014889382191147,0.38528949364629744,0.11119753536722182,0.012694841320860756,0.0004210016618621725,2.95751865983517e-6,3.20514601778695e-9,0.
0.,1.4576378761080772e-7,0.00002606553047665154,0.0012344103537995936,0.01923344896278964,0.12170654598867392,0.38079087588172467,0.6972984429420381,0.8409390743618333,0.6972984429420381,0.38079087588172467,0.12170654598867392,0.01923344896278964,0.0012344103537995936,0.00002606553047665154,1.4576378761080772e-7,0.
0.,2.0783996158139573e-10,4.135070945783908e-7,0.00010991517846587418,0.005457557817054872,0.07041047588683118,0.3238546257182697,0.7038802227975023,0.8884622107738928,0.7038802227975023,0.3238546257182697,0.07041047588683118,0.005457557817054872,0.00010991517846587418,4.135070945783908e-7,2.0783996158139573e-10,0.
0.,1.885370259417538e-9,2.153019511845587e-6,0.0003552104596309172,0.011760018675464173,0.10841975233227796,0.3838217771543472,0.7022394483648168,0.833843526762404,0.7022394483648168,0.3838217771543472,0.10841975233227796,0.011760018675464173,0.0003552104596309172,2.153019511845587e-6,1.885370259417538e-9,0.
0.,0.00003634007299318625,0.001017276790503654,0.012024696428741292,0.06925509488981552,0.22328253141466148,0.45873968213435024,0.6709212342017769,0.754487386670693,0.6709212342017769,0.45873968213435024,0.22328253141466148,0.06925509488981552,0.012024696428741292,0.001017276790503654,0.00003634007299318625,0.
0.,1.992006714967377e-6,0.00013279296212354198,0.0031329440017265724,0.030838556263054696,0.14822702356842318,0.4016886073643094,0.691766908446542,0.8211853724907339,0.691766908446542,0.4016886073643094,0.14822702356842318,0.030838556263054696,0.0031329440017265724,0.00013279296212354198,1.992006714967377e-6,0.
0.,0.00001415761372392803,0.0005808504694451559,0.00892355261657889,0.060564718135332325,0.2135359794451014,0.4559932214070357,0.6742139696086901,0.7591574746198675,0.6742139696086901,0.4559932214070357,0.2135359794451014,0.060564718135332325,0.00892355261657889,0.0005808504694451559,0.00001415761372392803,0.
0.,1.3621393944216396e-9,1.4212012997420193e-6,0.00023449628019808983,0.008323108002623198,0.08604358071740764,0.346388296024758,0.7031950527003394,0.8695500024561976,0.7031950527003394,0.346388296024758,0.08604358071740764,0.008323108002623198,0.00023449628019808983,1.4212012997420193e-6,1.3621393944216396e-9,0.
0.,0.001284971628743082,0.010352918875856734,0.048721971613870735,0.1470893035193781,0.3101220527849375,0.49371177994803445,0.6335229084032411,0.6850605964506153,0.6335229084032411,0.49371177994803445,0.3101220527849375,0.1470893035193781,0.048721971613870735,0.010352918875856734,0.001284971628743082,0.
0.,2.9977675194294205e-9,2.5623776053343e-6,0.00035620658405222073,0.010931387732067605,0.10021000046221669,0.36759497827801096,0.7023620415621781,0.8501760645318202,0.7023620415621781,0.36759497827801096,0.10021000046221669,0.010931387732067605,0.00035620658405222073,2.5623776053343e-6,2.9977675194294205e-9,0.
0.,3.402111815978556e-10,6.071456008356381e-7,0.00014595636638686126,0.006612935656077366,0.07870042032134406,0.3388908899571366,0.7043842608886635,0.8749369773966726,0.7043842608886635,0.3388908899571366,0.07870042032134406,0.006612935656077366,0.00014595636638686126,6.071456008356381e-7,3.402111815978556e-10,0.
0.,9.164202410933716e-10,1.2538323511650197e-6,0.000241658598607069,0.009134218321872561,0.09404585169845317,0.36311475985411984,0.7037940648640841,0.8531037626153591,0.7037940648640841,0.36311475985411984,0.09404585169845317,0.009134218321872561,0.000241658598607069,1.2538323511650197e-6,9.164202410933716e-10,0.
